type,indicator,classification
domain,11170011[.]com ,malicious
domain,puqxr[.]com ,malicious
domain,80074[.]cc ,malicious
domain,11168833[.]com ,malicious
domain,312zym001[.]cc ,malicious
domain,am125[.]cc ,malicious
domain,843470[.]cc ,malicious
domain,1862[.]cc ,malicious
domain,zzyud[.]com ,malicious
domain,zenplay77-x[.]space ,malicious
domain,dollycasino[.]com ,malicious
domain,dragobet[.]net ,malicious
domain,appcasino[.]online ,malicious
domain,summer138[.]fit ,malicious
domain,storebet77[.]support ,malicious
domain,realz[.]com ,malicious
domain,vip311[.]cc,malicious
domain,cache-cdn[.]org ,malicious
domain,cache-mcp[.]com ,malicious
domain,mcp-source[.]online ,malicious
domain,asg78[.]com,malicious
domain,githubassets[.]net ,malicious
IP,157[.]185[.]143[.]150 ,malicious
IP,146[.]103[.]91[.]133 ,malicious