type,indicator,classification,detected_date
domain,fullcrackz.co,malicious,2022-09-10
domain,youtubevideodownloade.com,malicious,2022-10-10
domain,installppi.co,malicious,2022-10-23
domain,tikapp.cc,malicious,2023-01-16
domain,wireapp.cc,malicious,2023-05-16
domain,7zip.com,malicious,2023-08-07
domain,telegram-install.com,malicious,2023-10-03
domain,golink.support,suspicious,2023-11-11
domain,downloadfreetheme.net,suspicious,2024-07-21
domain,vpnkar.xyz,malicious,2024-09-14
domain,lumiproxy.com,malicious,2025-03-18
domain,smartproxy.me,malicious,2025-09-05
domain,proxyreview.cc,malicious,2025-09-19
domain,foxphone.cc,suspicious,2025-10-13
domain,herosms.vip,malicious,2025-12-31
domain,smshero.vip,malicious,2025-12-31
domain,herosms.cc,malicious,2026-01-01
domain,smartproxy.org,malicious,2026-01-07
domain,speedyshare.com,malicious,2026-01-07
domain,smartproxy.ma,malicious,2026-01-07
domain,smartproxy.tw,malicious,2026-01-07
domain,proxylite.com,malicious,2026-01-07
domain,iproyal.cc,malicious,2026-01-07
domain,smartproxy.ru,malicious,2026-01-07
domain,smartproxy.nl,malicious,2026-01-07
domain,wirevpn.io,malicious,2026-01-07
domain,smartproxy.se,malicious,2026-01-07
domain,vpnhelps.com,malicious,2026-01-07
domain,flyproxy.com,malicious,2026-01-07
domain,proxyshare.com,malicious,2026-01-07
domain,smartproxy.hk,malicious,2026-01-07
domain,bestproxy.com,malicious,2026-01-07
domain,smartproxy.es,malicious,2026-01-07
domain,wirevpn.app,malicious,2026-01-07
domain,tkproxy.org,malicious,2026-01-07
domain,ipidea.org,malicious,2026-01-07
domain,proxysite.org,malicious,2026-01-07
domain,smartproxy.jp,malicious,2026-01-07
domain,ishark.me,malicious,2026-01-07
domain,smartproxy.in,malicious,2026-01-07
domain,naproxy.com,malicious,2026-01-07
domain,get-proxy.com,malicious,2026-01-07
domain,smartproxy.id,malicious,2026-01-07
domain,proxylistdaily.net,malicious,2026-01-07
domain,smartproxy.mx,malicious,2026-01-07
domain,5topvpn.net,malicious,2026-01-07
domain,smartproxy.kr,malicious,2026-01-07
domain,omegaproxy.com,malicious,2026-01-07
domain,smartproxy.it,malicious,2026-01-07
domain,smartproxy.vn,malicious,2026-01-07
domain,wirevpn.cc,malicious,2026-01-07
domain,tiktokvpn.app,malicious,2026-01-07
domain,smartproxy.fr,malicious,2026-01-07
domain,proxysale.com,malicious,2026-01-07
domain,911proxy.com,malicious,2026-01-07
domain,isharkvpn.com,malicious,2026-01-07
domain,smartproxy.ca,malicious,2026-01-07
domain,smartproxy.ai,malicious,2026-01-07
domain,proxy.cc,malicious,2026-01-07
domain,zest.hero-sms.ai,malicious,2026-02-06
domain,neo.herosms.co,malicious,2026-02-06
domain,soc.hero-sms.co,malicious,2026-02-06
domain,nova.smshero.ai,malicious,2026-02-06
domain,spark.herosms.io,malicious,2026-02-06
domain,mint.smshero.com,malicious,2026-02-06
domain,apex.herosms.ai,malicious,2026-02-06
domain,flux.smshero.co,malicious,2026-02-06
domain,glide.smshero.cc,malicious,2026-02-06
domain,zecrack.org,malicious,2026-02-11
domain,imagesetdb.com,malicious,2026-02-11
domain,aoldesktopgolddownloadd.com,malicious,2026-02-11
domain,bintangwarisanhotel.com,malicious,2026-02-11
domain,pulse.herosms.cc,malicious,2026-02-11
domain,zoloftwithoutprescription.com,malicious,2026-02-11
domain,prime.herosms.vip,malicious,2026-02-11
domain,vivid.smshero.vip,malicious,2026-02-11
domain,clickdownloader.com,malicious,2026-02-11
domain,downloadpc.co,malicious,2026-02-11
domain,phshangbao.com,malicious,2026-02-11
domain,herosms.ru,malicious,2026-02-12
domain,smshero.ru,malicious,2026-02-12
domain,hero-sms.co,malicious,2026-02-12
domain,herosms.ai,malicious,2026-02-12
domain,smartproxy.cc,malicious,2026-02-12
domain,proxyreview.ai,malicious,2026-02-12
domain,herosms.io,malicious,2026-02-12
domain,bestproxies.com,malicious,2026-02-12
domain,herosms.co,malicious,2026-02-12
domain,proxyreview.io,malicious,2026-02-12
domain,smshero.cc,malicious,2026-02-12
domain,smshero.ai,malicious,2026-02-12
domain,hero-sms.ai,malicious,2026-02-12
domain,smshero.co,malicious,2026-02-12
domain,proxyreviews.org,malicious,2026-02-12
domain,foxphone.net,suspicious,2026-02-12
domain,fox-phone.com,suspicious,2026-02-12
domain,foxphone.vip,suspicious,2026-02-12
domain,foxphone.ai,suspicious,2026-02-12
domain,foxphone.org,suspicious,2026-02-12
domain,foxphone.com,suspicious,2026-02-12
domain,foxphone.io,suspicious,2026-02-12
domain,foxphone.co,suspicious,2026-02-12
domain,protocol-rp.com,suspicious,2026-02-12
domain,xcrawl.ai,suspicious,2026-02-12
domain,riskip.com,malicious,2026-02-12
domain,appsdownloadfull.com,malicious,2026-02-12
domain,cloudemulator.com,suspicious,2026-02-13
domain,foxphone.cn,suspicious,2026-02-13
domain,proxyreview.net,malicious,2026-02-13
domain,croxy.com,malicious,2026-02-13
domain,proxyprince.com,malicious,2026-02-13
domain,smshero.com,malicious,2026-02-13
domain,proxy6.com,malicious,2026-02-13
domain,proxyreviews.com,malicious,2026-02-13
domain,xcrawl.com,malicious,2026-02-13
domain,proxyreview.com,malicious,2026-02-13
domain,aproxy.com,malicious,2026-02-13
domain,amainmotel.com,malicious,2026-02-16
domain,golink.host,suspicious,2026-02-17
domain,golink.org,suspicious,2026-02-17
domain,iscanner.vip,suspicious,2026-02-17
domain,kiralt.dev,suspicious,2026-02-17
domain,ytbdownload.vip,suspicious,2026-02-17
domain,youtubedown.org,suspicious,2026-02-17
domain,svdownloadurl.com,suspicious,2026-02-17
domain,asock.com,malicious,2026-02-17
domain,tikproxy.com,malicious,2026-02-17
domain,tkproxy.com,malicious,2026-02-17
domain,smartproxy.ph,malicious,2026-02-17
domain,proxy4free.com,malicious,2026-02-17
domain,tkproxy.co,malicious,2026-02-17
domain,rocketapp.cc,malicious,2026-02-17
domain,norton-com-nu16.com,malicious,2026-02-17
domain,7zip.cloud,malicious,2026-02-17
domain,tikproxy.app,malicious,2026-02-17
domain,tikproxy.org,malicious,2026-02-17
domain,tkproxy.net,malicious,2026-02-17
domain,ip.cc,malicious,2026-02-17
domain,smartdaili.io,malicious,2026-02-17
domain,ishark.com,malicious,2026-02-17
domain,earn.cc,malicious,2026-02-17
domain,checkip.com,malicious,2026-02-17
domain,publicproxyservers.com,malicious,2026-02-17
domain,tabproxy.co,malicious,2026-02-17
domain,tikproxy.net,malicious,2026-02-17
domain,tikapp.com,malicious,2026-02-17
domain,tikproxy.co,malicious,2026-02-17
domain,colorfulemail.com,suspicious,2026-05-18
domain,abharishop.com,malicious,2026-05-18
domain,cracktools.org,malicious,2026-05-18
domain,uspc4u.com,malicious,2026-05-18
domain,moresoftz.com,malicious,2026-05-18
domain,eniyitv.com,malicious,2026-05-18
domain,afn360.com,malicious,2026-05-18
domain,livecrack.co,malicious,2026-05-18
domain,kim-technologies.com,malicious,2026-05-18
domain,fullcrackpc.co,malicious,2026-05-18
domain,freecrackedpc.info,malicious,2026-05-18
domain,spincityclub-official.com,malicious,2026-05-18
domain,crackmod.org,malicious,2026-05-18
domain,crackplus.co,malicious,2026-05-18
domain,rexonavn.com,malicious,2026-05-18
domain,nowcrack.com,malicious,2026-05-18
domain,xvideos-tousatsu.com,malicious,2026-05-18
domain,crackedfullpc.com,malicious,2026-05-18
domain,video-downloading.com,malicious,2026-05-18
domain,cracksview.com,malicious,2026-05-18
domain,davidmorrisonmusic.com,malicious,2026-05-18
domain,ijazpc.com,malicious,2026-05-18
domain,up4crack.net,malicious,2026-05-18
domain,free-indercrack.co,malicious,2026-05-18
domain,crackskit.org,malicious,2026-05-18
domain,snaptik.io,malicious,2026-05-18
domain,ahmadpc.co,malicious,2026-05-18
domain,fileshorse.org,malicious,2026-05-18
domain,freecrackedpc.com,malicious,2026-05-18
domain,vinyyyl.com,malicious,2026-05-18
domain,4-poster.com,malicious,2026-05-18
domain,free4crack.co,malicious,2026-05-18
domain,liberaldictionary.com,malicious,2026-05-18
domain,crackproduct.co,malicious,2026-05-18
domain,pc3links.net,malicious,2026-05-18
domain,piratelink.co,malicious,2026-05-18
domain,azkapc.com,malicious,2026-05-18
domain,cracklinks.co,malicious,2026-05-18
domain,crack4mac.co,malicious,2026-05-18
domain,softzpedia.com,malicious,2026-05-18
domain,muzammilpc.co,malicious,2026-05-18
domain,fullcracky.com,malicious,2026-05-18
domain,activationtech.org,malicious,2026-05-18
domain,chatwithsky.com,malicious,2026-05-18
domain,freepantyhoseonline.com,malicious,2026-05-18
domain,crackhomez.com,malicious,2026-05-18
domain,cracksvilla.com,malicious,2026-05-18
domain,crackmods.co,malicious,2026-05-18
domain,vsthomes.co,malicious,2026-05-18
domain,vstinpc.com,malicious,2026-05-18
domain,crackbased.com,malicious,2026-05-18
domain,fullvst.com,malicious,2026-05-18
domain,dapr0n.com,malicious,2026-05-18
domain,kingpcsoft.com,malicious,2026-05-18
domain,vstsoft.org,malicious,2026-05-18
domain,full4crack.com,malicious,2026-05-18
domain,tk.link,malicious,2026-05-18
domain,amirpc.co,malicious,2026-05-18
domain,free-crack.co,malicious,2026-05-18
domain,topcrackerz.com,malicious,2026-05-18
domain,visitbenin.org,malicious,2026-05-18
domain,getpcsoftz.com,malicious,2026-05-18
domain,mycracks.net,malicious,2026-05-18
domain,proserialkey.co,malicious,2026-05-18
domain,cracksite.org,malicious,2026-05-18
domain,fullysoftz.com,malicious,2026-05-18
domain,cracked4pc.co,malicious,2026-05-18
domain,cracksetup.co,malicious,2026-05-18
domain,911proxy.io,malicious,2026-05-18
domain,aspc4u.com,malicious,2026-05-18
domain,hamidpc.com,malicious,2026-05-18
domain,onourrolls.com,malicious,2026-05-18
domain,crackedinfo.org,malicious,2026-05-18
domain,fullcrackz.com,malicious,2026-05-18
domain,freecrack.co,malicious,2026-05-18
domain,vststar.com,malicious,2026-05-18
domain,presscrack.com,malicious,2026-05-18
domain,pcprocrack.org,malicious,2026-05-18
domain,dearcrack.com,malicious,2026-05-18
domain,pcsoftz.co,malicious,2026-05-18
domain,cheapedtrade.com,malicious,2026-05-18
domain,maturevideotgp.com,malicious,2026-05-18
domain,eazyforpc.com,malicious,2026-05-18
domain,marsproxies.co,malicious,2026-05-18
domain,businesssy.com,suspicious,2026-06-24
domain,breakoursilence.com,suspicious,2026-06-24
domain,prosoftwarestore.com,suspicious,2026-06-24
domain,equalmarriagefl.com,suspicious,2026-06-24
domain,sarahsoriano.com,suspicious,2026-06-24
domain,9breakingnews.com,suspicious,2026-06-24
